train,test
0.9093949970913322,0.8202443280977313
