train,test
0.9185573007562536,0.8102094240837696
