train,test
0.8635834787667248,0.805846422338569
