train,test
0.8664921465968587,0.806282722513089
