train,test
0.89586969168121,0.7997382198952879
