train,test
0.9115764979639325,0.8184991273996509
