train,test
0.8804537521815009,0.800174520069808
