train,test
0.9824025596276905,0.6967713787085514
