train,test
0.9189936009307738,0.8115183246073299
