train,test
0.8792902850494474,0.7997382198952879
