train,test
0.9997091332169866,0.7452006980802792
