mean_fit_time,std_fit_time,mean_score_time,std_score_time,param_estimator__C,param_estimator__gamma,param_estimator__kernel,params,split0_test_score,split1_test_score,split2_test_score,split3_test_score,split4_test_score,mean_test_score,std_test_score,rank_test_score
600.4468957424164,22.75139350511202,140.66343965530396,5.382981055539824,1,scale,rbf,"{'estimator__C': 1, 'estimator__gamma': 'scale', 'estimator__kernel': 'rbf'}",0.6758720930232558,0.6821818181818182,0.6909090909090909,0.6974545454545454,0.6850909090909091,0.6863016913319239,0.007386882363114309,4
587.4496195316315,46.278161903912576,135.172270488739,2.014971808351287,1,auto,rbf,"{'estimator__C': 1, 'estimator__gamma': 'auto', 'estimator__kernel': 'rbf'}",0.6773255813953488,0.6865454545454546,0.6930909090909091,0.6996363636363636,0.688,0.6889196617336152,0.007391242663515622,3
602.2365195274353,36.128370179359955,134.6273579120636,3.9321195184613904,10,scale,rbf,"{'estimator__C': 10, 'estimator__gamma': 'scale', 'estimator__kernel': 'rbf'}",0.6918604651162791,0.7018181818181818,0.7090909090909091,0.704,0.7047272727272728,0.7022993657505285,0.005729120953705701,2
630.3479384422302,55.28511440812607,130.65406651496886,2.363449975513169,10,auto,rbf,"{'estimator__C': 10, 'estimator__gamma': 'auto', 'estimator__kernel': 'rbf'}",0.6933139534883721,0.7054545454545454,0.7061818181818181,0.7054545454545454,0.7069090909090909,0.7034627906976745,0.005103002377634059,1
